{"cameraMode":{"drawMode":0,"name":"Shaded","section":"Shading Mode"},"sceneLighting":true,"audioPlay":false,"sceneViewState":{"showFog":true,"showMaterialUpdate":false,"showSkybox":true,"showFlares":true,"showImageEffects":true,"showParticleSystems":true},"in2DMode":false,"pivot":{"x":27.811859130859376,"y":45.07837677001953,"z":-0.9853386878967285},"rotation":{"x":0.020994823426008226,"y":0.018596718087792398,"z":-0.0003905956109520048,"w":0.9996064305305481},"size":91.36420440673828,"orthographic":true}