{"cameraMode":{"drawMode":0,"name":"Shaded","section":"Shading Mode"},"sceneLighting":true,"audioPlay":false,"sceneViewState":{"showFog":true,"showMaterialUpdate":false,"showSkybox":true,"showFlares":true,"showImageEffects":true,"showParticleSystems":true},"in2DMode":false,"pivot":{"x":27.811859130859376,"y":45.07837677001953,"z":-0.9853386878967285},"rotation":{"x":-0.05996401980519295,"y":-0.0023937358055263759,"z":-0.00014420045772567391,"w":0.9981974363327026},"size":91.36420440673828,"orthographic":true}